{"loss": [0.035467122399422804], "depth_loss": [0.02127692475914955], "sld_loss": [0.01419021375477314], "depth_mae": [0.09229756891727448], "sld_mae": [0.08536535501480103], "val_loss": [0.006114333163714037], "val_depth_loss": [0.0034649947192519903], "val_sld_loss": [0.002649337751790881], "val_depth_mae": [0.03527924790978432], "val_sld_mae": [0.03748025745153427], "lr": [0.00039999998989515007], "timetaken": "00:03:35"}