{"loss": [0.5346059628223118, 0.30922286135585686, 0.24995874309226085, 0.2204648636497165, 0.19987082805484532, 0.1860994806258302, 0.17693760521611884, 0.1713129294320549, 0.16267878132333097, 0.15752016989416198, 0.15172487506348836, 0.14833018964842745, 0.1430449564235383, 0.13978697880318292, 0.13621302768588067, 0.1336775530247312, 0.130558007877124, 0.1271106525113512, 0.12376441822632363, 0.12005724160098716, 0.11789497013988072, 0.11480737690225636, 0.11425048310505716, 0.10962465549427036, 0.10802390348631889, 0.10595227342246002, 0.10201016688841934, 0.10187523307107194, 0.09983279075326495, 0.09847567162329429, 0.09506545962986389, 0.09476089342031628, 0.09255400859799824, 0.09203289467620811, 0.09570648948637475, 0.088695465485982, 0.08730503525192801, 0.08553421075247522, 0.08710980694005756, 0.08240314051214802, 0.08047190110003086, 0.07875353506484412, 0.0794695945066939, 0.07667578135126908, 0.0762035050710026, 0.08546353888256769, 0.0730327974995108, 0.07219345602023072, 0.08374205460716774, 0.0743513078543382, 0.06922440614195932, 0.07004644983889241, 0.06948741360922883, 0.06916562472598774, 0.07005791834445278, 0.06783231846779879, 0.06672672422578264, 0.06900468807434663, 0.07437100424265831, 0.06052197343538099, 0.06041870293832433, 0.04293942551823995, 0.04382941087638947, 0.03972837761061352, 0.06291177997437587, 0.03714419965439256, 0.03553715944807137, 0.055470685171588374, 0.036922628734104554, 0.0422507269645652, 0.05515463041225877, 0.0359313747364994, 0.03567416412417898, 0.036038185777272844, 0.03647379665990899, 0.03661922400983473, 0.03690581759128499, 0.03865854187600474, 0.0382920549130454, 0.0340618032923617, 0.03672442502130779, 0.06604059545742194, 0.061547145370568615, 0.05430938670007316, 0.037479964378826, 0.031844919436713866, 0.03083877822114645, 0.03489359171898717, 0.03628226400686177, 0.03307921156550947, 0.03617869655791334, 0.03391624208374292, 0.03466895794728388, 0.03340478534623368, 0.03351220816931202, 0.03097806491794472, 0.042469931593406826, 0.1652978478090862, 0.04905405253187239, 0.029955912445033105], "sparse_categorical_accuracy": [0.7071579098701477, 0.8543684482574463, 0.8918947577476501, 0.9088158011436462, 0.9206447601318359, 0.9278026223182678, 0.9324210286140442, 0.9343684315681458, 0.9390394687652588, 0.941763162612915, 0.9440131783485413, 0.9456315636634827, 0.9475657939910889, 0.9491973519325256, 0.9505262970924377, 0.9521315693855286, 0.953184187412262, 0.9548816084861755, 0.956657886505127, 0.9573158025741577, 0.9581973552703857, 0.9594473838806152, 0.9596710801124573, 0.9612894654273987, 0.9624210596084595, 0.9630920886993408, 0.9642236828804016, 0.9648289680480957, 0.9651315808296204, 0.9658289551734924, 0.9663420915603638, 0.9670526385307312, 0.9676052927970886, 0.968526303768158, 0.9672894477844238, 0.9694868326187134, 0.9695131778717041, 0.9700263142585754, 0.9690131545066833, 0.9713816046714783, 0.9717105031013489, 0.9725921154022217, 0.9723289608955383, 0.9734342098236084, 0.9729210734367371, 0.9708684086799622, 0.9754341840744019, 0.9751973748207092, 0.9705263376235962, 0.9743157625198364, 0.9759079217910767, 0.9759868383407593, 0.975947380065918, 0.9762368202209473, 0.9758026599884033, 0.976828932762146, 0.9766842126846313, 0.9767763018608093, 0.9736447334289551, 0.9789736866950989, 0.9791842103004456, 0.9854605197906494, 0.9850262999534607, 0.9865000247955322, 0.9801052808761597, 0.9868158102035522, 0.9876973628997803, 0.9835920929908752, 0.9872368574142456, 0.9869999885559082, 0.9856315851211548, 0.9873026609420776, 0.9876710772514343, 0.9874342083930969, 0.9873026609420776, 0.9871710538864136, 0.9870526194572449, 0.9871578812599182, 0.9872499704360962, 0.987881600856781, 0.9870657920837402, 0.9818158149719238, 0.9797894954681396, 0.9821184277534485, 0.9869868159294128, 0.9890000224113464, 0.989171028137207, 0.9882500171661377, 0.9873815774917603, 0.9882631301879883, 0.9881578683853149, 0.9882104992866516, 0.988131582736969, 0.9881447553634644, 0.9883026480674744, 0.989078938961029, 0.9869737029075623, 0.9710394740104675, 0.9827631711959839, 0.9896184206008911], "val_loss": [0.3517865541112071, 0.2632261946608749, 0.23639738864662274, 0.2019076292021868, 0.1753943075626334, 0.15580674965830543, 0.16842886582331315, 0.14511399972350789, 0.1521934096776106, 0.1525263349733901, 0.15130748562829152, 0.13708330921137132, 0.1427618195754692, 0.13218494447317555, 0.12532062762523, 0.1181508296165411, 0.11327247471717591, 0.12176869818272722, 0.12303804589694814, 0.11065140927705584, 0.1101166662418201, 0.12057651992777228, 0.11089324177034544, 0.11517780767714424, 0.10641309927818896, 0.1197884502518089, 0.11453355707322495, 0.09356253391784078, 0.10417113432322751, 0.09297596663236618, 0.0916132723739693, 0.0924512543008203, 0.09659623970053619, 0.15459249826454663, 0.0845429677877748, 0.08973329906049282, 0.08323506720340516, 0.09611055687588604, 0.0890265232274301, 0.08388741721520947, 0.08721075642791101, 0.08965233180530463, 0.07911547424688244, 0.0807962651612072, 0.0859997727621331, 0.08296367614274601, 0.0789837412602948, 0.08295199347321998, 0.0862470341311917, 0.08357947456693662, 0.0678495854170765, 0.0810184266009537, 0.07463513727531718, 0.08512310169338551, 0.0735734999808581, 0.07595478750191598, 0.07704026149467955, 0.07331766217420435, 0.08129302516996169, 0.08731318705907791, 0.08053485374654082, 0.06990211599070249, 0.06992538557987157, 0.06520904642962046, 0.06757802573201652, 0.06730296235543358, 0.11230245079989604, 0.06876698283138213, 0.06527486905681051, 0.06470725937394763, 0.06692697988864317, 0.06403394053171424, 0.06291153137807888, 0.06489488744827278, 0.06279502096458216, 0.06581158579262328, 0.06403020546744079, 0.06284602720463327, 0.06018804713301675, 0.0653175937448027, 0.07713943875772006, 0.07499293240282355, 0.07380830650689386, 0.07139651438138814, 0.06560961671103821, 0.06491358632507699, 0.08862539433740582, 0.07122381774459097, 0.056652216916169014, 0.07657190439888602, 0.06244723436806768, 0.06247169746406266, 0.08400525145216958, 0.08274568833399934, 0.06299752153196855, 0.07871508718095425, 0.09313263377088284, 0.08407492158179984, 0.06283420639678458, 0.06413713662284878],