{"loss": [0.6550677743554115], "sparse_categorical_accuracy": [0.6326447129249573], "val_loss": [0.6259979575495177], "val_sparse_categorical_accuracy": [0.6625527143478394], "lr": [0.00039999998989515007], "timetaken": "00:07:58"}