{"loss": [0.6649238807747239], "sparse_categorical_accuracy": [0.6206973791122437], "val_loss": [0.6275548484757982], "val_sparse_categorical_accuracy": [0.6647679209709167], "lr": [0.00039999998989515007], "timetaken": "00:08:05"}