{"loss": [0.07317002187483013, 0.04113222991814837, 0.03719808470457792, 0.03538226665463298, 0.03385402493644506, 0.03254981192178093, 0.03127237887820229, 0.02995508400374092, 0.02889000527560711, 0.027583697801455854, 0.025732068672659807, 0.024247067484539003, 0.022121352188987656, 0.020753537559648975, 0.020417257199878806, 0.019604027465102262, 0.019045269936323165, 0.0184290338907158, 0.018602543575689197, 0.018140084088081494, 0.01774102757568471, 0.017901832010538785, 0.01717097942077089, 0.017121840401377996, 0.017619264268432744, 0.01680433154979255, 0.01699095237068832, 0.01701737907656934, 0.016874460066319444, 0.016171588755678385, 0.01626714813755825, 0.016112395604723134, 0.016130199441395234, 0.015589817569416482, 0.015860508932964878, 0.01573682988004293, 0.01552258480747696, 0.014919814555032645, 0.015329612959176302, 0.015540604118723423, 0.01514239702548366, 0.014833989106409717, 0.01347731713554822, 0.01347966621397063, 0.012890489864803385, 0.013015145237732213, 0.012679803395585623, 0.012553947989654262, 0.012354700131108984, 0.012528760596760549, 0.012355967197800055, 0.012534929309622385, 0.012344795971584973, 0.012140578258549795, 0.012414001916768029, 0.012253750930831302, 0.012065555938752368, 0.012147685532690957, 0.012080650221905671, 0.012099377408740111, 0.012030973639630247, 0.011994835132500157, 0.011829523687192705, 0.011646188291779254, 0.01202343914861558, 0.011562209971598349, 0.011906902060145512, 0.011553658593911678, 0.011584877978893928, 0.011462463224306703], "depth_loss": [0.04451591521501541, 0.025386296212673187, 0.02317821979522705, 0.022371826693415642, 0.021560747176408768, 0.02083515003323555, 0.020161157473921776, 0.019260073080658913, 0.01867399737238884, 0.017675645649433136, 0.016310345381498337, 0.015136792324483395, 0.013485392555594444, 0.0124150849878788, 0.012194202281534672, 0.011599378660321236, 0.01128822285681963, 0.010713786818087101, 0.011003175750374794, 0.010592103935778141, 0.010301221162080765, 0.010437525808811188, 0.009964395314455032, 0.009951427578926086, 0.010180959478020668, 0.009747110307216644, 0.009832406416535378, 0.009899587370455265, 0.009735879488289356, 0.00930884201079607, 0.009310835972428322, 0.009248864836990833, 0.009249139577150345, 0.008922133594751358, 0.00900274608284235, 0.009067757055163383, 0.008839291520416737, 0.008395521901547909, 0.008731964975595474, 0.008922562003135681, 0.008540629409253597, 0.008398201316595078, 0.007668802514672279, 0.007634511683136225, 0.007351035252213478, 0.007409463636577129, 0.007158867549151182, 0.007105945143848658, 0.00700457114726305, 0.007034827955067158, 0.0069672586396336555, 0.007109357044100761, 0.00689635518938303, 0.006915714126080275, 0.007065392564982176, 0.0068756695836782455, 0.006849402096122503, 0.0067876060493290424, 0.006796542555093765, 0.0068388041108846664, 0.006836905609816313, 0.0066901324316859245, 0.006692236755043268, 0.006559587083756924, 0.006730290595442057, 0.006518620997667313, 0.006719525437802076, 0.006483164615929127, 0.006484000477939844, 0.006501112598925829], "sld_loss": [0.02865412086248398, 0.015745926648378372, 0.0140198590233922, 0.013010453432798386, 0.0122932568192482, 0.011714674532413483, 0.011111213825643063, 0.010695005767047405, 0.010216000489890575, 0.009908059611916542, 0.009421732276678085, 0.009110265411436558, 0.00863596610724926, 0.00833845417946577, 0.008223066106438637, 0.008004650473594666, 0.007757043465971947, 0.007715248502790928, 0.007599371485412121, 0.007547980174422264, 0.007439795881509781, 0.007464308757334948, 0.007206576410681009, 0.0071704150177538395, 0.007438307628035545, 0.007057223469018936, 0.0071585411205887794, 0.007117792498320341, 0.007138579618185759, 0.006862746551632881, 0.006956315133720636, 0.00686352513730526, 0.0068810610100626945, 0.006667679641395807, 0.0068577672354876995, 0.006669068709015846, 0.00668329605832696, 0.006524295080453157, 0.006597644183784723, 0.006618035491555929, 0.006601768545806408, 0.006435797084122896, 0.005808515939861536, 0.005845153238624334, 0.005539447534829378, 0.005605680868029594, 0.005520924460142851, 0.005448005627840757, 0.005350129678845406, 0.005493935197591782, 0.005388709716498852, 0.00542557192966342, 0.0054484400898218155, 0.005224860738962889, 0.00534861208871007, 0.005378084257245064, 0.005216155666857958, 0.005360073875635862, 0.00528410729020834, 0.005260569509118795, 0.00519406795501709, 0.005304703023284674, 0.005137281492352486, 0.005086603108793497, 0.005293154623359442, 0.00504358671605587, 0.0051873777993023396, 0.005070492159575224, 0.005100876092910767, 0.004961347673088312], "depth_mae": [0.15180455148220062, 0.10376302152872086, 0.09601352363824844, 0.09249819815158844, 0.08958126604557037, 0.08733923733234406, 0.08495455235242844, 0.08204197138547897, 0.08041711896657944, 0.07789820432662964, 0.07412752509117126, 0.07115305960178375, 0.0667647123336792, 0.06357725709676743, 0.06297259032726288, 0.06081546097993851, 0.060024842619895935, 0.05823253095149994, 0.058631014078855515, 0.05755260959267616, 0.05673990398645401, 0.05692538619041443, 0.05533307418227196, 0.0551924891769886, 0.05577893555164337, 0.0543915219604969, 0.05469528213143349, 0.054457180202007294, 0.05409058928489685, 0.05282578244805336, 0.0527259036898613, 0.052310530096292496, 0.052393995225429535, 0.05127807334065437, 0.05190347880125046, 0.05200272798538208, 0.0511152446269989, 0.049843139946460724, 0.05057426169514656, 0.05108979344367981, 0.0502450093626976, 0.04966434836387634, 0.04675104469060898, 0.046737462282180786, 0.045806851238012314, 0.04563046246767044, 0.045175857841968536, 0.04479961097240448, 0.04457711800932884, 0.04457678645849228, 0.04457917436957359, 0.04483051598072052, 0.044405896216630936, 0.04409772530198097, 0.04447804391384125, 0.04400232806801796, 0.04414482042193413, 0.04368976503610611, 0.04378486052155495, 0.04371248185634613, 0.0440673828125, 0.04343670979142189, 0.04343032464385033, 0.04285977780818939, 0.04343709349632263, 0.042679786682128906, 0.04311729222536087, 0.0426316075026989, 0.04284968227148056, 0.04260161146521568], "sld_mae": [0.12105897068977356, 0.08802162110805511, 0.08118413388729095, 0.07719874382019043, 0.07385686784982681, 0.07142575085163116, 0.0694204717874527, 0.06791076809167862, 0.06636453419923782, 0.06521829962730408, 0.06329631060361862, 0.06223253160715103, 0.06047627702355385, 0.05948314815759659, 0.05860341712832451, 0.05772814527153969, 0.05701576545834541, 0.056341901421546936, 0.056081369519233704, 0.05564626678824425, 0.05485137552022934, 0.05491485446691513, 0.054190341383218765, 0.053659528493881226, 0.054484717547893524, 0.053212594240903854, 0.05326305702328682, 0.05323861166834831, 0.05310971662402153, 0.05226331949234009, 0.05233209580183029, 0.052174538373947144, 0.05199184641242027, 0.05141632631421089, 0.052068572491407394, 0.05143972486257553, 0.05102956295013428, 0.05058108642697334, 0.05061031132936478, 0.050658829510211945, 0.050549134612083435, 0.05005668103694916, 0.04792453348636627, 0.04772503674030304, 0.04685746133327484, 0.04708032310009003, 0.04684603959321976, 0.046536415815353394, 0.046196553856134415, 0.046307098120450974, 0.046539872884750366, 0.04616616293787956, 0.04616626724600792, 0.0457252636551857, 0.04603266343474388, 0.04594362527132034, 0.04551894962787628, 0.046179261058568954, 0.04572456702589989, 0.04556889459490776, 0.04538493603467941, 0.045713819563388824, 0.04527037963271141, 0.04486195370554924, 0.04544517397880554, 0.04463956132531166, 0.0452885664999485, 0.044762589037418365, 0.04494165629148483, 0.04440581426024437],