{"loss": [0.5242100268837653, 0.319933422784272, 0.26721213948177663, 0.23503569866677648, 0.2127462498667209, 0.2011458115044393, 0.1884629069131456, 0.17893841210458625, 0.1733474864310732, 0.1664666321432512, 0.15991920941068152, 0.15672601402492115, 0.15034671568507818, 0.14648287173262553, 0.14275112815936536, 0.14047867947356088, 0.1359071956927839, 0.13169058192668384, 0.12821618864508835, 0.12540717907593046, 0.12359945937770565, 0.1209710814183774, 0.11747549046272118, 0.11560035364947428, 0.1159674587331124, 0.11015295302054208, 0.10916144123006809, 0.10640301906381194, 0.10884419624479243, 0.1023753703118449, 0.10109195930025491, 0.09987580238596389, 0.09767007747040081, 0.09644286551390235, 0.10102657027946982, 0.09354296793058318, 0.0903433171717303, 0.08127007077117206, 0.06592163326494445, 0.06346100439789312, 0.0640282630353345, 0.07857348364846793, 0.06276398673359501, 0.057605153925435026, 0.04710383191496428, 0.045775939273819524, 0.043777781009450435, 0.043846094031499604, 0.04311430850704997, 0.04210232709720577, 0.04156286029022962, 0.039267137011039795, 0.05159528300593051, 0.04205845902831674, 0.03711014150889433, 0.03890594494710201, 0.034803088301820315, 0.030787574068794798, 0.03788034049052122, 0.029408817066756264, 0.028099295787710855, 0.029702923861015352, 0.025163036393153704, 0.02415926279684515, 0.024870269979319105, 0.025496449281571642, 0.02258031018483483, 0.02166694529063438, 0.021222607961381253, 0.021901862945701397, 0.021197441592009193, 0.02113223026811786, 0.020475453711358418, 0.020865401040150954, 0.021578656419484483, 0.03115038705321702, 0.019787511763889168, 0.024506290177650953, 0.019672929661095816, 0.019865391956247168, 0.019746080974036885, 0.023174287078494265, 0.01932486225408655, 0.01994745416159659, 0.020165634429514214, 0.019768055148663248, 0.018933253027331422, 0.01987031697563967, 0.019139560427360456, 0.01940189123716702, 0.019210973026952526, 0.01944679644431343, 0.019380996039047978, 0.019670764468926457, 0.019316001720585577, 0.018944948209000598, 0.020791730279355804, 0.019930518786351523, 0.019220276947841897, 0.018029965051058944], "sparse_categorical_accuracy": [0.7210526466369629, 0.8461447358131409, 0.8803684115409851, 0.89882892370224, 0.9107236862182617, 0.9171578884124756, 0.9244341850280762, 0.9288421273231506, 0.9321184158325195, 0.9359737038612366, 0.9387763142585754, 0.9405263066291809, 0.9440920948982239, 0.9453157782554626, 0.9468815922737122, 0.9478026032447815, 0.9497631788253784, 0.9516578912734985, 0.9518684148788452, 0.9539868235588074, 0.9553157687187195, 0.9563815593719482, 0.957671046257019, 0.9583947658538818, 0.9577763080596924, 0.959723711013794, 0.9609078764915466, 0.9613552689552307, 0.9606447219848633, 0.9627104997634888, 0.9636183977127075, 0.964302659034729, 0.9651052355766296, 0.9647894501686096, 0.9644736647605896, 0.9663026332855225, 0.9671710729598999, 0.9722499847412109, 0.977460503578186, 0.9777894616127014, 0.9777236580848694, 0.9756842255592346, 0.9780131578445435, 0.9800000190734863, 0.983868420124054, 0.9840526580810547, 0.9848026037216187, 0.9849868416786194, 0.9849868416786194, 0.9856578707695007, 0.9855131506919861, 0.9858683943748474, 0.9852763414382935, 0.9856447577476501, 0.9870657920837402, 0.9865921139717102, 0.9876184463500977, 0.9888815879821777, 0.9892631769180298, 0.9893420934677124, 0.9894737005233765, 0.9909210801124573, 0.9908552765846252, 0.9909605383872986, 0.9907631874084473, 0.9908552765846252, 0.9915131330490112, 0.991986870765686, 0.9922105073928833, 0.9923815727233887, 0.9920263290405273, 0.9922105073928833, 0.9922763109207153, 0.992236852645874, 0.99210524559021, 0.9922105073928833, 0.992394745349884, 0.991855263710022, 0.9921973943710327, 0.9924473762512207, 0.9923552870750427, 0.9922500252723694, 0.992552638053894, 0.9922763109207153, 0.9926973581314087, 0.9925262928009033, 0.9928157925605774, 0.9924473762512207, 0.992644727230072, 0.9925658106803894, 0.992710530757904, 0.9925658106803894, 0.992802619934082, 0.9924736618995667, 0.9925000071525574, 0.9928420782089233, 0.9930657744407654, 0.9927499890327454, 0.9927631616592407, 0.9933289289474487], "val_loss": [0.34934220183247755, 0.2764423314151885, 0.25468282587040325, 0.20657552390473302, 0.19025746136432206, 0.1801786391135258, 0.1695637083946401, 0.16993452570860898, 0.15858790988912058, 0.14892479271199632, 0.16500448791569547, 0.14299411886226276, 0.1617284877233616, 0.15402928555093487, 0.14737233436245958, 0.12587168634346518, 0.14186539951287494, 0.1290169149747252, 0.11865403710664073, 0.11593260692298915, 0.1243015839816523, 0.11571574462616997, 0.1393067062938515, 0.11743565595351191, 0.10721734455366175, 0.12055168702868344, 0.11549760887737263, 0.09641664966799413, 0.11077393426359454, 0.1059510092003436, 0.11837459841295134, 0.09330429561546207, 0.11153819971572498, 0.10230187151801108, 0.10151043623481495, 0.10637514890497747, 0.10141612130574851, 0.0761729296137685, 0.06840988299671859, 0.07760115996207492, 0.07825011040873919, 0.09554595777662746, 0.07116717018014142, 0.06911405694046163, 0.06427713462057276, 0.06478321204209535, 0.06417027428423994, 0.06400480730761676, 0.07444511751820164, 0.08557966354898401, 0.061924832771858396, 0.07045567185590476, 0.07958038785703135, 0.06273393966905962, 0.07068719849518976, 0.07165302597045238, 0.06473444342315551, 0.06636234053817307, 0.06409683767047943, 0.07404163354867284, 0.07068953234928302, 0.06735941824021371, 0.07044142297270634, 0.07036746021099576, 0.07121646850862794, 0.0814478851538343, 0.0761287739108791, 0.08312728657736689, 0.08709005161451583, 0.08631107769096034, 0.08599109925175079, 0.08557726610860864, 0.08300582042261052, 0.08298360069482764, 0.0831379970700619, 0.07989732885652444, 0.0836369707886135, 0.0753938071235704, 0.08141303202653115, 0.08229842280565867, 0.08238044176358761, 0.07878734929496196, 0.0837800387280329, 0.07870895646484019, 0.08063040652627876, 0.08194455537073268, 0.07816031070165523, 0.08306022335181822, 0.08609146282839675, 0.09049790660408129, 0.0936923346394783, 0.09048859444486158, 0.09534288702946733, 0.08672829186473825, 0.0934256985535519, 0.09998078340944984, 0.09527015018567356, 0.08647293501306631, 0.08565597270754102, 0.0931799110618726],